id;field_label;field_type;field_name;field_id;field_class;field_placeholder;field_options;field_configs;description;order_position;validation_configs;error_message;flag_required;flag_active;create_user;created_at;update_user;updated_at;uuid
1;snappy;hunt;joyously frequent shear;while drat;dark hippodrome;annex failing;swing drat;recovery;whoa;31693;whenever close ick;suddenly;false;true;yuck;2025-08-03T11:14:06;lean miscalculate;2025-08-03T12:03:24;snowplow pfft
2;natural jealously markup;sunny immediately;distorted;as which;last aw;so fold quit;dress;below down;gleefully;12883;woot along white;synergy pivot;true;false;offset usable;2025-08-03T09:05:29;selfishly;2025-08-03T03:16:28;around outside oddly
3;divert bide consequently;annually;duffel;goose;once functional;reward in able;amongst;canter ha;lasting put;21226;drat;overproduce;true;true;through considering guidance;2025-08-03T07:19:01;er hygienic;2025-08-03T14:33:25;husky tepid aha
4;wherever mysteriously;sweatshop faint;abaft darling;stranger;wherever snack;surge;apologise excess thunderbolt;readily beyond vacation;what;222;dress;indeed partially;false;true;surprisingly display now;2025-08-03T07:22:34;heroine caring of;2025-08-03T16:47:37;what
5;verify loosely lively;jet fen shakily;murky;besides;including furthermore furthermore;amidst with outside;lest athwart;ew materialise duh;round similar;12258;milky;yet whereas;true;true;spiffy with whose;2025-08-03T11:14:32;above recklessly;2025-08-03T10:43:49;even above
6;wasteful considering;besides afore;nor watery;surprisingly extremely;respectful;whoa aw flame;along verve at;ew;grandson boo;18911;acidly yowza;ferociously smart meh;false;true;next;2025-08-03T06:37:07;sans from;2025-08-03T03:23:56;astride after
7;reproachfully;reiterate which monthly;horse midst;mild save yahoo;strong mmm;ew however restfully;whoa;since;against;3698;pro because ferociously;potentially;false;false;exactly formal likewise;2025-08-03T05:55:11;oof tomorrow;2025-08-03T06:52:07;fast
8;unless;phew trusty;around;likewise;quaintly;woot that via;electric;afterwards flustered disk;sparse;2857;madly politely;precious frivolous;false;false;draft yeast;2025-08-03T20:56:22;blaspheme cannibalise;2025-08-03T01:56:29;until
9;numb quintuple;once charlatan;shanghai soliloquy obvious;meh guard;pluck boohoo;when er;sniff phooey;wherever;incline know;21937;midst submissive accept;informal greedy obesity;true;false;but fraudster;2025-08-03T21:16:31;towards;2025-08-03T09:00:30;gah other
10;gleefully scare whenever;cop-out an;numeric;ouch;relaunch volleyball incandescence;papa;knottily metabolise;supplier;unknown old yuck;21123;director lightly meanwhile;misappropriate judicious drat;true;true;valley meanwhile;2025-08-03T01:33:37;front for firm;2025-08-03T05:22:28;receptor weight
