id;id_form_version;id_form_parent;field_label;field_type;field_name;field_id;field_class;field_placeholder;field_options;field_configs;description;order_position;validation_configs;error_message;flag_required;flag_active;create_user;created_at;update_user;updated_at;value;alternative_value;uuid
1;26056;23421;psst;ew sad whoa;before;serpentine ugh delightfully;leading;as sleepily;invite until whose;statement transom slink;now different;10368;vaguely;gown;true;false;chatter;2025-08-02T16:32:59;father preregister reach;2025-08-02T07:17:20;apud;neatly;house yieldingly
2;12732;4242;abaft curiously woot;ah;lest forenenst;always;creamy how yum;under into;taxicab corner never;dowse male;including pigpen careless;102;nicely when;than gee;false;true;oily inside;2025-08-03T00:04:15;foot before;2025-08-02T04:33:42;eke yum whack;customise mainstream bin;safely
3;19762;19627;whirlwind legitimize ah;too glaring;before ew;important;brand;gah coop aching;sand delirious yahoo;improbable um;energetically coordination hollow;29204;shinny;who vaguely;false;false;eek;2025-08-02T11:54:12;huzzah not screw;2025-08-02T19:03:06;now until caring;pertain;academics
4;1967;6088;tattered eek;certainly honestly;familiarize;instead affect the;the finished rebuild;times;for meh governance;behold troubled brr;pick testing;4778;that norm;nearly archaeology;true;true;afore;2025-08-02T12:27:01;circumnavigate;2025-08-03T00:02:33;object;ha starch unruly;however
5;6839;20244;that;notwithstanding retract;reopen yet finally;whoa loyally uselessly;pop mismatch avalanche;yearningly whether optimistically;definite lock;why;shanghai although;30402;clamor perfumed;scary fake;false;false;orchestrate absent despite;2025-08-02T04:05:27;interior;2025-08-02T05:11:22;instantly longingly;tribe;outrun dimly factorize
6;1975;8592;curiously over mid;blindly;certainly;stealthily ouch;aboard growing alive;though;crooked brr;midst till;which misjudge;11333;behind because because;likewise sauerkraut put;false;true;testimonial openly unless;2025-08-02T09:40:10;empty utterly obnoxiously;2025-08-02T16:31:06;justly madly;regal;besides lighthearted
7;5506;23034;at finally;of almost;than geez;midst after well-documented;secret gee;youthfully;successfully;ha;to playfully;26926;punctual schedule;really;true;true;fisherman diver spectacles;2025-08-02T06:38:12;second allegation knottily;2025-08-03T03:00:21;hefty purple;pixellate;segregate yum closely
8;13492;4110;between before duh;ha;between scratchy;gracefully boo;definite seriously potentially;recompense boo drat;drat uh-huh strong;scare;joyously;9056;camouflage management randomize;burdensome;true;false;remark oh;2025-08-02T19:28:58;sharply dimly;2025-08-02T08:27:04;powerfully;aw;cop
9;25394;6050;lotion safeguard quicker;worriedly turbulent;flowery embody;underneath to;almighty ugh inside;massive lazily;boohoo;correctly nifty;upon even however;27232;because absent mixed;inwardly plumber;true;false;mousse;2025-08-03T02:41:49;upbeat ouch quadruple;2025-08-02T18:23:29;carpool;vulgarise likewise;provided foodstuffs fiercely
10;31417;22207;midst zowie incidentally;valley for rapidly;angrily towards;an seagull instead;when;than woot;commonly interestingly;awful perspire fine;anenst;21142;stool notwithstanding lobotomise;muted adventurously filthy;false;false;gee yowza printer;2025-08-02T13:21:22;how badly;2025-08-02T17:56:39;gently;lonely;incinerate
